{"cameraMode":{"drawMode":0,"name":"Shaded","section":"Shading Mode"},"sceneLighting":false,"audioPlay":false,"sceneViewState":{"m_AlwaysRefresh":false,"showFog":true,"showSkybox":false,"showFlares":true,"showImageEffects":true,"showParticleSystems":true,"showVisualEffectGraphs":true,"m_FxEnabled":true},"in2DMode":false,"pivot":{"x":-2.2005715370178224,"y":-0.6608177423477173,"z":0.21219222247600556},"rotation":{"x":0.004191919695585966,"y":0.9771563410758972,"z":-0.21165786683559419,"w":0.019351990893483163},"size":3.7595298290252687,"orthographic":false}